Organization,Project Name,Github Link
organization,project,https://github.com/apache/project
apache,apache_fineract,https://github.com/apache/fineract
apache,apache_sling-org-apache-sling-feature-karaf,https://github.com/apache/sling-org-apache-sling-feature-karaf
apache,apache_sling-org-apache-sling-committer-cli,https://github.com/apache/sling-org-apache-sling-committer-cli
apache,hadoop-ozone,https://github.com/apache/hadoop-ozone
apache,apache_sling-org-apache-sling-commons-content-processing,https://github.com/apache/sling-org-apache-sling-commons-content-processing
apache,apache_sling-org-apache-sling-testing-osgi-mock,https://github.com/apache/sling-org-apache-sling-testing-osgi-mock
apache,apache_sling-org-apache-sling-feature-apiregions-model,https://github.com/apache/sling-org-apache-sling-feature-apiregions-model
apache,apache_sling-org-apache-sling-repoinit-it,https://github.com/apache/sling-org-apache-sling-repoinit-it
apache,apache_sling-org-apache-sling-hc-support,https://github.com/apache/sling-org-apache-sling-hc-support
apache,apache_sling-org-apache-sling-resourceresolver,https://github.com/apache/sling-org-apache-sling-resourceresolver
apache,apache_sling-org-apache-sling-starter,https://github.com/apache/sling-org-apache-sling-starter
apache,apache_sling-org-apache-sling-feature-apiregions,https://github.com/apache/sling-org-apache-sling-feature-apiregions
apache,apache_openmeetings,https://github.com/apache/openmeetings
apache,apache_sling-org-apache-sling-engine,https://github.com/apache/sling-org-apache-sling-engine
apache,apache_sling-org-apache-sling-distribution-journal-kafka,https://github.com/apache/sling-org-apache-sling-distribution-journal-kafka
apache,apache_sling-org-apache-sling-repoinit-parser,https://github.com/apache/sling-org-apache-sling-repoinit-parser
apache,apache_sling-org-apache-sling-commons-cache-container-test,https://github.com/apache/sling-org-apache-sling-commons-cache-container-test
apache,apache_sling-org-apache-sling-api,https://github.com/apache/sling-org-apache-sling-api
apache,apache_sling-org-apache-sling-scripting-sightly-repl,https://github.com/apache/sling-org-apache-sling-scripting-sightly-repl
apache,apache_sling-org-apache-sling-jcr-oak-server,https://github.com/apache/sling-org-apache-sling-jcr-oak-server
apache,apache_sling-org-apache-sling-launchpad-startupmanager,https://github.com/apache/sling-org-apache-sling-launchpad-startupmanager
apache,apache_submarine,https://github.com/apache/submarine
apache,apache_sling-org-apache-sling-adapter,https://github.com/apache/sling-org-apache-sling-adapter
apache,apache_sling-org-apache-sling-extensions-webconsolesecurityprovider,https://github.com/apache/sling-org-apache-sling-extensions-webconsolesecurityprovider
apache,apache_sling-org-apache-sling-provisioning-model,https://github.com/apache/sling-org-apache-sling-provisioning-model
apache,apache_sling-org-apache-sling-fsresource,https://github.com/apache/sling-org-apache-sling-fsresource
apache,jspwiki-builder,https://github.com/apache/jspwiki-builder
apache,apache_sling-org-apache-sling-contentparser-json,https://github.com/apache/sling-org-apache-sling-contentparser-json
apache,apache_sling-org-apache-sling-i18n,https://github.com/apache/sling-org-apache-sling-i18n
apache,apache_sling-org-apache-sling-models-caconfig,https://github.com/apache/sling-org-apache-sling-models-caconfig
apache,apache_sling-org-apache-sling-testing-resourceresolver-mock,https://github.com/apache/sling-org-apache-sling-testing-resourceresolver-mock
apache,apache_sling-org-apache-sling-scripting-java,https://github.com/apache/sling-org-apache-sling-scripting-java
apache,apache_plc4x,https://github.com/apache/plc4x
apache,apache_sling-org-apache-sling-servlets-post,https://github.com/apache/sling-org-apache-sling-servlets-post
apache,apache_sling-org-apache-sling-sitemap,https://github.com/apache/sling-org-apache-sling-sitemap
apache,poi-parent,https://github.com/apache/poi-parent
apache,apache_sling-project-archetype,https://github.com/apache/sling-project-archetype
apache,apache_sling-org-apache-sling-commons-threads,https://github.com/apache/sling-org-apache-sling-commons-threads
apache,apache_sling-org-apache-sling-jcr-jackrabbit-accessmanager,https://github.com/apache/sling-org-apache-sling-jcr-jackrabbit-accessmanager
apache,apache_sling-org-apache-sling-xss,https://github.com/apache/sling-org-apache-sling-xss
apache,apache_sling-org-apache-sling-testing-sling-mock,https://github.com/apache/sling-org-apache-sling-testing-sling-mock
apache,apache_sling-org-apache-sling-feature-modelconverter,https://github.com/apache/sling-org-apache-sling-feature-modelconverter
apache,apache_sling-org-apache-sling-scripting-sightly,https://github.com/apache/sling-org-apache-sling-scripting-sightly
apache,apache_sling-org-apache-sling-resourceaccesssecurity,https://github.com/apache/sling-org-apache-sling-resourceaccesssecurity
apache,apache_sling-kickstart-maven-plugin,https://github.com/apache/sling-kickstart-maven-plugin
apache,apache_sling-initial-content-archetype,https://github.com/apache/sling-initial-content-archetype
apache,apache_sling-org-apache-sling-karaf-integration-tests,https://github.com/apache/sling-org-apache-sling-karaf-integration-tests
apache,apache_sling-org-apache-sling-security,https://github.com/apache/sling-org-apache-sling-security
apache,commons-statistics,https://github.com/apache/commons-statistics
apache,apache_sling-scriptingbundle-maven-plugin,https://github.com/apache/sling-scriptingbundle-maven-plugin
apache,apache_sling-org-apache-sling-distribution-journal-it,https://github.com/apache/sling-org-apache-sling-distribution-journal-it
apache,apache_sling-org-apache-sling-feature-launcher,https://github.com/apache/sling-org-apache-sling-feature-launcher
apache,apache_sling-org-apache-sling-scripting-jsp-api,https://github.com/apache/sling-org-apache-sling-scripting-jsp-api
apache,apache_sling-org-apache-sling-servlets-get,https://github.com/apache/sling-org-apache-sling-servlets-get
apache,apache_sling-org-apache-sling-scripting-jsp,https://github.com/apache/sling-org-apache-sling-scripting-jsp
apache,apache_sling-org-apache-sling-scripting-freemarker,https://github.com/apache/sling-org-apache-sling-scripting-freemarker
apache,apache_sling-org-apache-sling-starter-content,https://github.com/apache/sling-org-apache-sling-starter-content
apache,apache_sling-org-apache-sling-resource-presence,https://github.com/apache/sling-org-apache-sling-resource-presence
apache,apache_sling-org-apache-sling-junit-teleporter,https://github.com/apache/sling-org-apache-sling-junit-teleporter
apache,apache_sling-org-apache-sling-karaf-configs,https://github.com/apache/sling-org-apache-sling-karaf-configs
apache,apache_sling-content-package-archetype,https://github.com/apache/sling-content-package-archetype
apache,apache_sling-maven-plugin,https://github.com/apache/sling-maven-plugin
apache,apache_sling-org-apache-sling-auth-core,https://github.com/apache/sling-org-apache-sling-auth-core
apache,apache_incubator-hop,https://github.com/apache/incubator-hop
apache,apache_isis,https://github.com/apache/isis
apache,apache_sling-org-apache-sling-adapter-annotations,https://github.com/apache/sling-org-apache-sling-adapter-annotations
apache,apache_sling-org-apache-sling-scripting-el-api,https://github.com/apache/sling-org-apache-sling-scripting-el-api
apache,apache_sling-org-apache-sling-contentparser-xml,https://github.com/apache/sling-org-apache-sling-contentparser-xml
apache,cxf,https://github.com/apache/cxf
apache,apache_sling-org-apache-sling-scripting-sightly-testing-content,https://github.com/apache/sling-org-apache-sling-scripting-sightly-testing-content
apache,apache_sling-org-apache-sling-rewriter,https://github.com/apache/sling-org-apache-sling-rewriter
apache,apache_ofbiz-plugins,https://github.com/apache/ofbiz-plugins
apache,apache_groovy,https://github.com/apache/groovy
apache,apache_sling-feature-converter-maven-plugin,https://github.com/apache/sling-feature-converter-maven-plugin
apache,apache_sling-org-apache-sling-scripting-javascript,https://github.com/apache/sling-org-apache-sling-scripting-javascript
apache,apache_sling-org-apache-sling-installer-provider-file,https://github.com/apache/sling-org-apache-sling-installer-provider-file
apache,apache_sling-org-apache-sling-testing-clients,https://github.com/apache/sling-org-apache-sling-testing-clients
apache,apache_sling-org-apache-sling-nosql-launchpad,https://github.com/apache/sling-org-apache-sling-nosql-launchpad
apache,apache_sling-org-apache-sling-feature,https://github.com/apache/sling-org-apache-sling-feature
apache,apache_incubator-iotdb,https://github.com/apache/incubator-iotdb
apache,apache_sling-parent,https://github.com/apache/sling-parent
apache,apache_sling-org-apache-sling-capabilities-jcr,https://github.com/apache/sling-org-apache-sling-capabilities-jcr
apache,commons-numbers,https://github.com/apache/commons-numbers
apache,pdfbox-reactor,https://github.com/apache/pdfbox-reactor
apache,apache-dolphinscheduler,https://github.com/apache/dolphinscheduler
apache,apache_sling-org-apache-sling-testing-sling-mock-oak,https://github.com/apache/sling-org-apache-sling-testing-sling-mock-oak
apache,apache_struts,https://github.com/apache/struts
apache,apache_sling-org-apache-sling-scripting-sightly-testing,https://github.com/apache/sling-org-apache-sling-scripting-sightly-testing
apache,apache_sling-org-apache-sling-launchpad-test-fragment,https://github.com/apache/sling-org-apache-sling-launchpad-test-fragment
apache,apache_sling-org-apache-sling-commons-jcr-file,https://github.com/apache/sling-org-apache-sling-commons-jcr-file
apache,apache_sling-org-apache-sling-feature-extension-content,https://github.com/apache/sling-org-apache-sling-feature-extension-content
apache,apache_sling-org-apache-sling-commons-html,https://github.com/apache/sling-org-apache-sling-commons-html
apache,apache_sling-whiteboard,https://github.com/apache/sling-whiteboard
apache,apache_sling-org-apache-sling-feature-applicationbuilder,https://github.com/apache/sling-org-apache-sling-feature-applicationbuilder
apache,apache_sling-org-apache-sling-commons-mime,https://github.com/apache/sling-org-apache-sling-commons-mime
apache,apache_sling-org-apache-sling-servlets-resolver,https://github.com/apache/sling-org-apache-sling-servlets-resolver
apache,apache_sling-org-apache-sling-scripting-thymeleaf,https://github.com/apache/sling-org-apache-sling-scripting-thymeleaf
apache,apache_hop,https://github.com/apache/hop
apache,apache_sling-org-apache-sling-scripting-sightly-compiler,https://github.com/apache/sling-org-apache-sling-scripting-sightly-compiler
apache,apache_sling-org-apache-sling-commons-messaging-mail,https://github.com/apache/sling-org-apache-sling-commons-messaging-mail
apache,apache_sling-org-apache-sling-nosql-couchbase-resourceprovider,https://github.com/apache/sling-org-apache-sling-nosql-couchbase-resourceprovider
apache,apache_sling-org-apache-sling-reqanalyzer,https://github.com/apache/sling-org-apache-sling-reqanalyzer
apache,apache_sling-org-apache-sling-scripting-sightly-compiler-java,https://github.com/apache/sling-org-apache-sling-scripting-sightly-compiler-java
apache,apache_sling-org-apache-sling-feature-analyser,https://github.com/apache/sling-org-apache-sling-feature-analyser
apache,apache_sling-org-apache-sling-commons-cache-api,https://github.com/apache/sling-org-apache-sling-commons-cache-api
apache,apache_sling-org-apache-sling-servlet-helpers,https://github.com/apache/sling-org-apache-sling-servlet-helpers
apache,apache_sling-org-apache-sling-caconfig-api,https://github.com/apache/sling-org-apache-sling-caconfig-api
apache,apache_sling-org-apache-sling-connection-timeout-agent,https://github.com/apache/sling-org-apache-sling-connection-timeout-agent
apache,apache_sling-org-apache-sling-commons-scheduler,https://github.com/apache/sling-org-apache-sling-commons-scheduler
apache,JMeter,https://github.com/apache/JMeter
apache,apache_sling-org-apache-sling-javax-activation,https://github.com/apache/sling-org-apache-sling-javax-activation
apache,apache_sling-org-apache-sling-jcr-packageinit,https://github.com/apache/sling-org-apache-sling-jcr-packageinit
apache,apache_sling-org-apache-sling-validation-test-services,https://github.com/apache/sling-org-apache-sling-validation-test-services
apache,apache_sling-org-apache-sling-servlets-annotations,https://github.com/apache/sling-org-apache-sling-servlets-annotations
apache,apache_jackrabbit-filevault,https://github.com/apache/jackrabbit-filevault
apache,apache_sling-org-apache-sling-serviceusermapper,https://github.com/apache/sling-org-apache-sling-serviceusermapper
apache,apache_sling-org-apache-sling-jcr-registration,https://github.com/apache/sling-org-apache-sling-jcr-registration
apache,apache_sling-org-apache-sling-installer-core,https://github.com/apache/sling-org-apache-sling-installer-core
apache,apache_sling-org-apache-sling-installer-it,https://github.com/apache/sling-org-apache-sling-installer-it
apache,apache_sling-adapter-annotations,https://github.com/apache/sling-adapter-annotations
apache,apache_sling-org-apache-sling-auth-saml2,https://github.com/apache/sling-org-apache-sling-auth-saml2
apache,apache_sling-org-apache-sling-event,https://github.com/apache/sling-org-apache-sling-event
apache,apache_sling-org-apache-sling-scripting-groovy,https://github.com/apache/sling-org-apache-sling-scripting-groovy
apache,apache_sling-org-apache-sling-resourcemerger,https://github.com/apache/sling-org-apache-sling-resourcemerger
apache,apache_sling-org-apache-sling-karaf-features,https://github.com/apache/sling-org-apache-sling-karaf-features
apache,apache_sling-org-apache-sling-testing-rules,https://github.com/apache/sling-org-apache-sling-testing-rules
apache,apache_sling-htl-maven-plugin,https://github.com/apache/sling-htl-maven-plugin
apache,apache_sling-org-apache-sling-feature-cpconverter,https://github.com/apache/sling-org-apache-sling-feature-cpconverter
apache,apache_sling-org-apache-sling-jcr-repoinit,https://github.com/apache/sling-org-apache-sling-jcr-repoinit
apache,apache_sling-org-apache-sling-feature-inventoryprinter,https://github.com/apache/sling-org-apache-sling-feature-inventoryprinter
apache,apache_sling-org-apache-sling-feature-extension-apiregions,https://github.com/apache/sling-org-apache-sling-feature-extension-apiregions
apache,apache_sling-org-apache-sling-caconfig-integration-tests,https://github.com/apache/sling-org-apache-sling-caconfig-integration-tests
apache,apache_sling-org-apache-sling-caconfig-bnd-plugin,https://github.com/apache/sling-org-apache-sling-caconfig-bnd-plugin
apache,apache_sling-org-apache-sling-commons-johnzon,https://github.com/apache/sling-org-apache-sling-commons-johnzon
apache,apache_sling-org-apache-sling-models-api,https://github.com/apache/sling-org-apache-sling-models-api
apache,apache_sling-org-apache-sling-testing-hamcrest,https://github.com/apache/sling-org-apache-sling-testing-hamcrest
apache,apache_sling-org-apache-sling-nosql-generic,https://github.com/apache/sling-org-apache-sling-nosql-generic
apache,apache_sling-org-apache-sling-commons-messaging,https://github.com/apache/sling-org-apache-sling-commons-messaging
apache,apache_sling-slingstart-maven-plugin,https://github.com/apache/sling-slingstart-maven-plugin
apache,apache_sling-org-apache-sling-testing-jcr-mock,https://github.com/apache/sling-org-apache-sling-testing-jcr-mock
apache,apache_sling-org-apache-sling-models-integration-tests,https://github.com/apache/sling-org-apache-sling-models-integration-tests
apache,apache_sling-org-apache-sling-junit-performance,https://github.com/apache/sling-org-apache-sling-junit-performance
apache,apache_sling-org-apache-sling-testing-caconfig-mock-plugin,https://github.com/apache/sling-org-apache-sling-testing-caconfig-mock-plugin
apache,apache_sling-org-apache-sling-launchpad-integration-tests,https://github.com/apache/sling-org-apache-sling-launchpad-integration-tests
apache,apache_sling-org-apache-sling-commons-osgi,https://github.com/apache/sling-org-apache-sling-commons-osgi
apache,apache-ratis,https://github.com/apache/ratis
apache,apache_sling-org-apache-sling-scripting-sightly-runtime,https://github.com/apache/sling-org-apache-sling-scripting-sightly-runtime
apache,apache_sling-org-apache-sling-feature-resolver,https://github.com/apache/sling-org-apache-sling-feature-resolver
apache,apache_sling-org-apache-sling-jcr-maintenance,https://github.com/apache/sling-org-apache-sling-jcr-maintenance
apache,apache_sling-org-apache-sling-distribution-api,https://github.com/apache/sling-org-apache-sling-distribution-api
apache,apache_sling-org-apache-sling-scripting-sightly-js-provider,https://github.com/apache/sling-org-apache-sling-scripting-sightly-js-provider
apache,apache_sling-org-apache-sling-scripting-core,https://github.com/apache/sling-org-apache-sling-scripting-core
apache,apache_sling-org-apache-sling-jcr-jackrabbit-usermanager,https://github.com/apache/sling-org-apache-sling-jcr-jackrabbit-usermanager
apache,apache_sling-org-apache-sling-installer-provider-jcr,https://github.com/apache/sling-org-apache-sling-installer-provider-jcr
apache,apache_sling-org-apache-sling-commons-content-analyzing,https://github.com/apache/sling-org-apache-sling-commons-content-analyzing
apache,apache_sling-org-apache-sling-auth-form,https://github.com/apache/sling-org-apache-sling-auth-form
apache,apache-daffodil,https://github.com/apache/daffodil
apache,commons-geometry,https://github.com/apache/commons-geometry
apache,apache_sling-org-apache-sling-startupfilter-disabler,https://github.com/apache/sling-org-apache-sling-startupfilter-disabler
apache,commons-math,https://github.com/apache/commons-math
apache,apache_sling-org-apache-sling-junit-core,https://github.com/apache/sling-org-apache-sling-junit-core
apache,apache_sling-org-apache-sling-thumbnails,https://github.com/apache/sling-org-apache-sling-thumbnails
apache,apache_sling-org-apache-sling-jcr-webconsole,https://github.com/apache/sling-org-apache-sling-jcr-webconsole
apache,apache_sling-org-apache-sling-commons-compiler,https://github.com/apache/sling-org-apache-sling-commons-compiler
apache,apache_sling-org-apache-sling-jcr-filetransfer,https://github.com/apache/sling-org-apache-sling-jcr-filetransfer
apache,apache_sling-org-apache-sling-installer-factory-feature,https://github.com/apache/sling-org-apache-sling-installer-factory-feature
apache,apache_sling-org-apache-sling-tooling-support-install,https://github.com/apache/sling-org-apache-sling-tooling-support-install
apache,apache_sling-org-apache-sling-scripting-spi,https://github.com/apache/sling-org-apache-sling-scripting-spi
apache,apache_sling-org-apache-sling-discovery-oak,https://github.com/apache/sling-org-apache-sling-discovery-oak
apache,apache_sling-org-apache-sling-contentparser-testutils,https://github.com/apache/sling-org-apache-sling-contentparser-testutils
apache,apache_sling-org-apache-sling-testing-serversetup,https://github.com/apache/sling-org-apache-sling-testing-serversetup
apache,apache_sling-org-apache-sling-nosql-mongodb-resourceprovider,https://github.com/apache/sling-org-apache-sling-nosql-mongodb-resourceprovider
apache,apache_sling-org-apache-sling-jcr-base,https://github.com/apache/sling-org-apache-sling-jcr-base
apache,apache_sling-org-apache-sling-junit-healthcheck,https://github.com/apache/sling-org-apache-sling-junit-healthcheck
apache,apache_sling-org-apache-sling-capabilities,https://github.com/apache/sling-org-apache-sling-capabilities
apache,apache_sling-org-apache-sling-testing-paxexam,https://github.com/apache/sling-org-apache-sling-testing-paxexam
apache,apache_sling-org-apache-sling-app-cms,https://github.com/apache/sling-org-apache-sling-app-cms
apache,apache_sling-org-apache-sling-validation-examples,https://github.com/apache/sling-org-apache-sling-validation-examples
apache,apache_sling-org-apache-sling-auth-xing-oauth,https://github.com/apache/sling-org-apache-sling-auth-xing-oauth
apache,apache_sling-org-apache-sling-discovery-standalone,https://github.com/apache/sling-org-apache-sling-discovery-standalone
apache,apache_sling-org-apache-sling-models-impl,https://github.com/apache/sling-org-apache-sling-models-impl
apache,apache_sling-archetype-parent,https://github.com/apache/sling-archetype-parent
apache,apache_sling-org-apache-sling-scripting-bundle-tracker-it,https://github.com/apache/sling-org-apache-sling-scripting-bundle-tracker-it
apache,apache_sling-org-apache-sling-junit-scriptable,https://github.com/apache/sling-org-apache-sling-junit-scriptable
apache,apache_sling-org-apache-sling-contentparser-api,https://github.com/apache/sling-org-apache-sling-contentparser-api
apache,apache_sling-org-apache-sling-installer-factory-packages,https://github.com/apache/sling-org-apache-sling-installer-factory-packages
apache,apache_sling-org-apache-sling-dynamic-include,https://github.com/apache/sling-org-apache-sling-dynamic-include
apache,apache_camel,https://github.com/apache/camel
apache,apache_sling-org-apache-sling-feature-r2f,https://github.com/apache/sling-org-apache-sling-feature-r2f
apache,apache_sling-jspc-maven-plugin,https://github.com/apache/sling-jspc-maven-plugin
apache,apache_sling-org-apache-sling-installer-factory-configuration,https://github.com/apache/sling-org-apache-sling-installer-factory-configuration
apache,apache_sling-org-apache-sling-commons-crypto,https://github.com/apache/sling-org-apache-sling-commons-crypto
apache,apache_sling-org-apache-sling-servlets-annotations-it,https://github.com/apache/sling-org-apache-sling-servlets-annotations-it
apache,apache_ofbiz-framework,https://github.com/apache/ofbiz-framework
apache,apache_sling-slingfeature-maven-plugin,https://github.com/apache/sling-slingfeature-maven-plugin
apache,apache_sling-org-apache-sling-scripting-esx,https://github.com/apache/sling-org-apache-sling-scripting-esx
apache,apache_sling-org-apache-sling-validation-core,https://github.com/apache/sling-org-apache-sling-validation-core
apache,apache_sling-org-apache-sling-scripting-api,https://github.com/apache/sling-org-apache-sling-scripting-api
apache,apache_sling-org-apache-sling-contentparser-xml-jcr,https://github.com/apache/sling-org-apache-sling-contentparser-xml-jcr
apache,apache_sling-org-apache-sling-superimposing,https://github.com/apache/sling-org-apache-sling-superimposing
apache,apache_sling-org-apache-sling-commons-metrics-rrd4j,https://github.com/apache/sling-org-apache-sling-commons-metrics-rrd4j
apache,apache_sling-org-apache-sling-distribution-journal-messages,https://github.com/apache/sling-org-apache-sling-distribution-journal-messages
apache,apache_sling-org-apache-sling-pipes,https://github.com/apache/sling-org-apache-sling-pipes
apache,apache_sling-org-apache-sling-launchpad-base,https://github.com/apache/sling-org-apache-sling-launchpad-base
apache,apache_sling-slingstart-archetype,https://github.com/apache/sling-slingstart-archetype
apache,apache_sling-org-apache-sling-models-validation-impl,https://github.com/apache/sling-org-apache-sling-models-validation-impl
apache,apache_sling-org-apache-sling-installer-console,https://github.com/apache/sling-org-apache-sling-installer-console
apache,apache_sling-org-apache-sling-jcr-resource,https://github.com/apache/sling-org-apache-sling-jcr-resource
apache,apache_sling-org-apache-sling-commons-metrics,https://github.com/apache/sling-org-apache-sling-commons-metrics
apache,apache_gora,https://github.com/apache/gora
apache,apache_sling-org-apache-sling-karaf-distribution,https://github.com/apache/sling-org-apache-sling-karaf-distribution
apache,apache_sling-org-apache-sling-jcr-resourcesecurity,https://github.com/apache/sling-org-apache-sling-jcr-resourcesecurity
apache,apache_sling-org-apache-sling-distribution-journal,https://github.com/apache/sling-org-apache-sling-distribution-journal
apache,apache_sling-org-apache-sling-event-dea,https://github.com/apache/sling-org-apache-sling-event-dea
apache,apache_sling-org-apache-sling-commons-classloader,https://github.com/apache/sling-org-apache-sling-commons-classloader
apache,apache_sling-apache-sling-jar-resource-bundle,https://github.com/apache/sling-apache-sling-jar-resource-bundle
apache,apache_sling-org-apache-sling-bundleresource-impl,https://github.com/apache/sling-org-apache-sling-bundleresource-impl
apache,apache_sling-org-apache-sling-testing-logging-mock,https://github.com/apache/sling-org-apache-sling-testing-logging-mock
apache,apache_sling-org-apache-sling-commons-clam,https://github.com/apache/sling-org-apache-sling-commons-clam
apache,apache_sling-org-apache-sling-nosql-couchbase-client,https://github.com/apache/sling-org-apache-sling-nosql-couchbase-client
apache,apache_sling-org-apache-sling-models-jacksonexporter,https://github.com/apache/sling-org-apache-sling-models-jacksonexporter
apache,apache_jackrabbit-filevault-package-maven-plugin,https://github.com/apache/jackrabbit-filevault-package-maven-plugin
apache,apache_sling-org-apache-sling-graphql-core,https://github.com/apache/sling-org-apache-sling-graphql-core
apache,apache_sling-org-apache-sling-settings,https://github.com/apache/sling-org-apache-sling-settings
apache,apache_sling-org-apache-sling-scripting-jsp-jstl,https://github.com/apache/sling-org-apache-sling-scripting-jsp-jstl
apache,org.apache.nemo:nemo-project,https://github.com/apache/org.apache.nemo:nemo-project
apache,apache_any23,https://github.com/apache/any23
apache,apache_sling-org-apache-sling-jcr-contentloader,https://github.com/apache/sling-org-apache-sling-jcr-contentloader
apache,apache_sling-org-apache-sling-scripting-jsp-taglib,https://github.com/apache/sling-org-apache-sling-scripting-jsp-taglib
apache,apache_sling-launchpad-standalone-archetype,https://github.com/apache/sling-launchpad-standalone-archetype
apache,apache_sling-feature-launcher-maven-plugin,https://github.com/apache/sling-feature-launcher-maven-plugin
apache,apache_sling-org-apache-sling-scripting-jsp-taglib-compat,https://github.com/apache/sling-org-apache-sling-scripting-jsp-taglib-compat
apache,apache_sling-org-apache-sling-installer-factory-model,https://github.com/apache/sling-org-apache-sling-installer-factory-model
apache,apache_sling-org-apache-sling-commons-log-webconsole,https://github.com/apache/sling-org-apache-sling-commons-log-webconsole
apache,apache_sling-org-apache-sling-karaf-launchpad-oak-tar-integration-tests,https://github.com/apache/sling-org-apache-sling-karaf-launchpad-oak-tar-integration-tests
apache,apache_sling-org-apache-sling-feature-diff,https://github.com/apache/sling-org-apache-sling-feature-diff
apache,apache_sling-org-apache-sling-discovery-support,https://github.com/apache/sling-org-apache-sling-discovery-support
apache,apache_sling-org-apache-sling-testing-email,https://github.com/apache/sling-org-apache-sling-testing-email
apache,apache_sling-org-apache-sling-clam,https://github.com/apache/sling-org-apache-sling-clam
apache,commons-rng,https://github.com/apache/commons-rng
apache,apache_sling-org-apache-sling-launchpad-test-bundles,https://github.com/apache/sling-org-apache-sling-launchpad-test-bundles
apache,apache_sling-org-apache-sling-validation-api,https://github.com/apache/sling-org-apache-sling-validation-api
apache,apache_sling-org-apache-sling-fragment-ws,https://github.com/apache/sling-org-apache-sling-fragment-ws
apache,apache_sling-org-apache-sling-commons-log,https://github.com/apache/sling-org-apache-sling-commons-log
apache,apache_sling-org-apache-sling-jms,https://github.com/apache/sling-org-apache-sling-jms
apache,apache_sling-launchpad-comparator,https://github.com/apache/sling-launchpad-comparator
apache,apache_commons-math,https://github.com/apache/commons-math
apache,apache_sling-org-apache-sling-graphql-schema-aggregator,https://github.com/apache/sling-org-apache-sling-graphql-schema-aggregator
apache,apache_sling-org-apache-sling-distribution-sample,https://github.com/apache/sling-org-apache-sling-distribution-sample
apache,apache_sling-org-apache-sling-resourceaccesssecurity-it,https://github.com/apache/sling-org-apache-sling-resourceaccesssecurity-it
apache,apache_sling-org-apache-sling-serviceuser-webconsole,https://github.com/apache/sling-org-apache-sling-serviceuser-webconsole
apache,apache_sling-org-apache-sling-commons-contentdetection,https://github.com/apache/sling-org-apache-sling-commons-contentdetection
apache,apache_sling-org-apache-sling-jcr-jcr-wrapper,https://github.com/apache/sling-org-apache-sling-jcr-jcr-wrapper
apache,apache_incubator-tamaya,https://github.com/apache/incubator-tamaya
apache,apache_sling-org-apache-sling-installer-factory-subsystems-base,https://github.com/apache/sling-org-apache-sling-installer-factory-subsystems-base
apache,roller-master,https://github.com/apache/roller-master
apache,apache_sling-org-apache-sling-scripting-bundle-tracker,https://github.com/apache/sling-org-apache-sling-scripting-bundle-tracker
apache,apache_sling-org-apache-sling-hapi-samplecontent,https://github.com/apache/sling-org-apache-sling-hapi-samplecontent
apache,apache_sling-org-apache-sling-caconfig-impl,https://github.com/apache/sling-org-apache-sling-caconfig-impl
apache,apache_sling-org-apache-sling-distribution-core,https://github.com/apache/sling-org-apache-sling-distribution-core
apache,apache_sling-org-apache-sling-extensions-logback-groovy-fragment,https://github.com/apache/sling-org-apache-sling-extensions-logback-groovy-fragment
apache,apache_incubator-tamaya-extensions,https://github.com/apache/incubator-tamaya-extensions
apache,apache_sling-launchpad-debian,https://github.com/apache/sling-launchpad-debian
apache,apache_sling-org-apache-sling-feature-extension-unpack,https://github.com/apache/sling-org-apache-sling-feature-extension-unpack
apache,apache_sling-org-apache-sling-auth-xing-login,https://github.com/apache/sling-org-apache-sling-auth-xing-login
apache,apache_sling-org-apache-sling-resource-editor,https://github.com/apache/sling-org-apache-sling-resource-editor
apache,apache_sling-org-apache-sling-hc-it,https://github.com/apache/sling-org-apache-sling-hc-it
apache,apache_sling-org-apache-sling-urlrewriter,https://github.com/apache/sling-org-apache-sling-urlrewriter
apache,apache_sling-org-apache-sling-jcr-jackrabbit-base,https://github.com/apache/sling-org-apache-sling-jcr-jackrabbit-base
apache,apache_sling-org-apache-sling-discovery-commons,https://github.com/apache/sling-org-apache-sling-discovery-commons
apache,apache_sling-org-apache-sling-commons-logservice,https://github.com/apache/sling-org-apache-sling-commons-logservice
apache,apache_sling-org-apache-sling-commons-threaddump,https://github.com/apache/sling-org-apache-sling-commons-threaddump
apache,apache_sling-org-apache-sling-resourcecollection,https://github.com/apache/sling-org-apache-sling-resourcecollection
apache,apache_karaf,https://github.com/apache/karaf
apache,apache_sling-org-apache-sling-junit-remote,https://github.com/apache/sling-org-apache-sling-junit-remote
apache,apache_sling-org-apache-sling-feature-io,https://github.com/apache/sling-org-apache-sling-feature-io
apache,apache_sling-org-apache-sling-jcr-classloader,https://github.com/apache/sling-org-apache-sling-jcr-classloader
apache,apache_sling-org-apache-sling-jobs,https://github.com/apache/sling-org-apache-sling-jobs
apache,apache_incubator-ratis,https://github.com/apache/incubator-ratis
apache,apache_sling-org-apache-sling-tooling-support-source,https://github.com/apache/sling-org-apache-sling-tooling-support-source
apache,apache_xmlbeans,https://github.com/apache/xmlbeans
apache,apache_sling-org-apache-sling-jcr-js-nodetypes,https://github.com/apache/sling-org-apache-sling-jcr-js-nodetypes
apache,apache_sling-org-apache-sling-discovery-base,https://github.com/apache/sling-org-apache-sling-discovery-base
apache,knox-gateway,https://github.com/apache/knox-gateway
apache,apache_sling-org-apache-sling-caconfig-spi,https://github.com/apache/sling-org-apache-sling-caconfig-spi
apache,apache_sling-org-apache-sling-scripting-xproc,https://github.com/apache/sling-org-apache-sling-scripting-xproc
apache,apache_sling-org-apache-sling-launchpad-api,https://github.com/apache/sling-org-apache-sling-launchpad-api
apache,apache_sling-org-apache-sling-jobs-it-services,https://github.com/apache/sling-org-apache-sling-jobs-it-services
apache,apache_sling-org-apache-sling-jcr-webdav,https://github.com/apache/sling-org-apache-sling-jcr-webdav
apache,apache_sling-org-apache-sling-distribution-kryo-serializer,https://github.com/apache/sling-org-apache-sling-distribution-kryo-serializer
apache,apache_sling-org-apache-sling-event-api,https://github.com/apache/sling-org-apache-sling-event-api
apache,apache_sling-org-apache-sling-file-optimization,https://github.com/apache/sling-org-apache-sling-file-optimization
apache,apache_sling-org-apache-sling-mongodb,https://github.com/apache/sling-org-apache-sling-mongodb
apache,apache_sling-org-apache-sling-jmx-provider,https://github.com/apache/sling-org-apache-sling-jmx-provider
apache,apache_sling-org-apache-sling-jcr-contentparser,https://github.com/apache/sling-org-apache-sling-jcr-contentparser
apache,apache_sling-org-apache-sling-launchpad-test-services,https://github.com/apache/sling-org-apache-sling-launchpad-test-services
apache,apache_sling-org-apache-sling-hc-samples,https://github.com/apache/sling-org-apache-sling-hc-samples
apache,apache_sling-org-apache-sling-installer-factory-deploymentpackage,https://github.com/apache/sling-org-apache-sling-installer-factory-deploymentpackage
apache,apache_sling-jcrinstall-bundle-archetype,https://github.com/apache/sling-jcrinstall-bundle-archetype
apache,apache_sling-org-apache-sling-fragment-activation,https://github.com/apache/sling-org-apache-sling-fragment-activation
apache,apache_sling-org-apache-sling-jcr-davex,https://github.com/apache/sling-org-apache-sling-jcr-davex
apache,apache_sling-org-apache-sling-distribution-avro-serializer,https://github.com/apache/sling-org-apache-sling-distribution-avro-serializer
apache,apache_sling-org-apache-sling-commons-fsclassloader,https://github.com/apache/sling-org-apache-sling-commons-fsclassloader
apache,apache_sling-org-apache-sling-installer-hc,https://github.com/apache/sling-org-apache-sling-installer-hc
apache,apache_sling-org-apache-sling-bnd-models,https://github.com/apache/sling-org-apache-sling-bnd-models
apache,apache_sling-maven-launchpad-plugin,https://github.com/apache/sling-maven-launchpad-plugin
apache,apache_sling-servlet-archetype,https://github.com/apache/sling-servlet-archetype
apache,apache_sling-org-apache-sling-crankstart-test-model,https://github.com/apache/sling-org-apache-sling-crankstart-test-model
apache,apache_sling-org-apache-sling-commons-cache-impl,https://github.com/apache/sling-org-apache-sling-commons-cache-impl
apache,apache_sling-org-apache-sling-tracer,https://github.com/apache/sling-org-apache-sling-tracer
apache,apache_sling-org-apache-sling-hc-api,https://github.com/apache/sling-org-apache-sling-hc-api
apache,apache_sling-org-apache-sling-extensions-classloader-leak-detector,https://github.com/apache/sling-org-apache-sling-extensions-classloader-leak-detector
apache,apache_sling-org-apache-sling-installer-provider-installhook,https://github.com/apache/sling-org-apache-sling-installer-provider-installhook
apache,apache_sling-org-apache-sling-query,https://github.com/apache/sling-org-apache-sling-query
apache,apache_sling-org-apache-sling-resourcebuilder,https://github.com/apache/sling-org-apache-sling-resourcebuilder
apache,apache_sling-launchpad-webapp-archetype,https://github.com/apache/sling-launchpad-webapp-archetype
apache,commons-compress,https://github.com/apache/commons-compress
apache,apache_incubator-daffodil,https://github.com/apache/incubator-daffodil
apache,apache_sling-org-apache-sling-jcr-api,https://github.com/apache/sling-org-apache-sling-jcr-api
apache,apache_sling-org-apache-sling-launchpad-testing,https://github.com/apache/sling-org-apache-sling-launchpad-testing
apache,apache_sling-org-apache-sling-launchpad-test-services-war,https://github.com/apache/sling-org-apache-sling-launchpad-test-services-war
apache,apache_sling-org-apache-sling-launchpad-installer,https://github.com/apache/sling-org-apache-sling-launchpad-installer
apache,apache_sling-maven-jcrocm-plugin,https://github.com/apache/sling-maven-jcrocm-plugin
apache,apache_sling-org-apache-sling-discovery-api,https://github.com/apache/sling-org-apache-sling-discovery-api
apache,apache_sling-org-apache-sling-oak-restrictions,https://github.com/apache/sling-org-apache-sling-oak-restrictions
apache,apache_sling-org-apache-sling-auth-xing-api,https://github.com/apache/sling-org-apache-sling-auth-xing-api
apache,apache_sling-bundle-archetype,https://github.com/apache/sling-bundle-archetype
apache,apache_sling-org-apache-sling-bnd-plugins,https://github.com/apache/sling-org-apache-sling-bnd-plugins
apache,apache_sling-org-apache-sling-scripting-sightly-models-provider,https://github.com/apache/sling-org-apache-sling-scripting-sightly-models-provider
apache,ant-master,https://github.com/apache/ant-master
apache,apache_sling-org-apache-sling-fragment-xml,https://github.com/apache/sling-org-apache-sling-fragment-xml
apache,apache_sling-org-apache-sling-extensions-webconsolebranding,https://github.com/apache/sling-org-apache-sling-extensions-webconsolebranding
apache,apache_sling-org-apache-sling-resource-inventory,https://github.com/apache/sling-org-apache-sling-resource-inventory
apache,apache_sling-org-apache-sling-commons-testing,https://github.com/apache/sling-org-apache-sling-commons-testing
apache,apache_sling-org-apache-sling-tenant,https://github.com/apache/sling-org-apache-sling-tenant
apache,apache_sling-org-apache-sling-mom,https://github.com/apache/sling-org-apache-sling-mom
apache,apache_sling-org-apache-sling-discovery-impl,https://github.com/apache/sling-org-apache-sling-discovery-impl
apache,apache_sling-org-apache-sling-resource-filter,https://github.com/apache/sling-org-apache-sling-resource-filter
apache,apache_sling-org-apache-sling-hapi,https://github.com/apache/sling-org-apache-sling-hapi
apache,apache_sling-org-apache-sling-scripting-console,https://github.com/apache/sling-org-apache-sling-scripting-console
apache,apache_sling-org-apache-sling-hapi-client,https://github.com/apache/sling-org-apache-sling-hapi-client
apache,apache_sling-org-apache-sling-jcr-repository-it-resource-versioning,https://github.com/apache/sling-org-apache-sling-jcr-repository-it-resource-versioning
apache,apache_sling-org-apache-sling-tail,https://github.com/apache/sling-org-apache-sling-tail
apache,apache_sling-org-apache-sling-fragment-nashorn,https://github.com/apache/sling-org-apache-sling-fragment-nashorn
apache,apache_sling-taglib-archetype,https://github.com/apache/sling-taglib-archetype
apache,apache_sling-site,https://github.com/apache/sling-site
apache,apache_sling-org-apache-sling-extensions-slf4j-mdc,https://github.com/apache/sling-org-apache-sling-extensions-slf4j-mdc
apache,apache_sling-org-apache-sling-servlets-resolver-api,https://github.com/apache/sling-org-apache-sling-servlets-resolver-api
apache,apache_sling-org-apache-sling-datasource,https://github.com/apache/sling-org-apache-sling-datasource
apache,apache_sling-org-apache-sling-bnd-plugin-headers-parameters-remove,https://github.com/apache/sling-org-apache-sling-bnd-plugin-headers-parameters-remove
apache,apache_sling-org-apache-sling-installer-factory-subsystems,https://github.com/apache/sling-org-apache-sling-installer-factory-subsystems
apache,apache_sling-org-apache-sling-fragment-transaction,https://github.com/apache/sling-org-apache-sling-fragment-transaction
apache,apache_sling-org-apache-sling-featureflags,https://github.com/apache/sling-org-apache-sling-featureflags
apache,apache_shiro,https://github.com/apache/shiro
apache,apache_sling-org-apache-sling-jobs-it,https://github.com/apache/sling-org-apache-sling-jobs-it
apache,apache_sling-org-apache-sling-crankstart-test-services,https://github.com/apache/sling-org-apache-sling-crankstart-test-services
apache,apache_sling-org-apache-sling-startupfilter,https://github.com/apache/sling-org-apache-sling-startupfilter
apache,apache_sling-org-apache-sling-kickstart,https://github.com/apache/sling-org-apache-sling-kickstart
apache,apache_sling-org-apache-sling-hc-junit-bridge,https://github.com/apache/sling-org-apache-sling-hc-junit-bridge
apache,apache_incubator-milagro-MPC,https://github.com/apache/incubator-milagro-MPC
apache,apache_sling-org-apache-sling-paxexam-util,https://github.com/apache/sling-org-apache-sling-paxexam-util
apache,apache_fineract-cn-group-finance,https://github.com/apache/fineract-cn-group-finance
apache,milagro,https://github.com/apache/milagro
apache,apache_sling-org-apache-sling-distribution-it,https://github.com/apache/sling-org-apache-sling-distribution-it
apache,apache_sling-org-apache-sling-starter-startup,https://github.com/apache/sling-org-apache-sling-starter-startup
apache,log4cxx,https://github.com/apache/log4cxx
apache,apache_incubator-seatunnel,https://github.com/apache/incubator-seatunnel
apache,apache_incubator-tamaya-sandbox,https://github.com/apache/incubator-tamaya-sandbox
apache,servicecomb-toolkit,https://github.com/apache/servicecomb-toolkit
apache,servicecomb-pack,https://github.com/apache/servicecomb-pack
